1111111111,AAAAAAAAAAcsv
1111111111,BBBBBBBBBBcsv
2222222222,‚ ‚¢‚¤‚¦‚¨csv
3333333333,CCCCCCCCCCcsv
3333333333,DDDDDDDDDDcsv
1111111111,AAAAAAAAAAcsv
1111111111,BBBBBBBBBBcsv
2222222222,‚ ‚¢‚¤‚¦‚¨csv
3333333333,CCCCCCCCCCcsv
3333333333,DDDDDDDDDDcsv
1111111111,AAAAAAAAAA
1111111111,BBBBBBBBBB
2222222222,‚ ‚¢‚¤‚¦‚¨
3333333333,CCCCCCCCCC
3333333333,DDDDDDDDDD
1111111111,AAAAAAAAAA
1111111111,BBBBBBBBBB
2222222222,‚ ‚¢‚¤‚¦‚¨
3333333333,CCCCCCCCCC
3333333333,DDDDDDDDDD
1111111111,AAAAAAAAAA
1111111111,BBBBBBBBBB
2222222222,‚ ‚¢‚¤‚¦‚¨
3333333333,CCCCCCCCCC
3333333333,DDDDDDDDDD
1111111111,AAAAAAAAAA
1111111111,BBBBBBBBBB
2222222222,‚ ‚¢‚¤‚¦‚¨
3333333333,CCCCCCCCCC
3333333333,DDDDDDDDDD
1111111111,AAAAAAAAAA
1111111111,BBBBBBBBBB
2222222222,‚ ‚¢‚¤‚¦‚¨
3333333333,CCCCCCCCCC
3333333333,DDDDDDDDDD
1111111111,AAAAAAAAAA
1111111111,BBBBBBBBBB
2222222222,‚ ‚¢‚¤‚¦‚¨
3333333333,CCCCCCCCCC
3333333333,DDDDDDDDDD
1111111111,AAAAAAAAAA
1111111111,BBBBBBBBBB
2222222222,‚ ‚¢‚¤‚¦‚¨
3333333333,CCCCCCCCCC
3333333333,DDDDDDDDDD
1111111111,AAAAAAAAAA
1111111111,BBBBBBBBBB
2222222222,‚ ‚¢‚¤‚¦‚¨
3333333333,CCCCCCCCCC
3333333333,DDDDDDDDDD
1111111111,AAAAAAAAAA
1111111111,BBBBBBBBBB
2222222222,‚ ‚¢‚¤‚¦‚¨
3333333333,CCCCCCCCCC
3333333333,DDDDDDDDDD
1111111111,AAAAAAAAAA
1111111111,BBBBBBBBBB
2222222222,‚ ‚¢‚¤‚¦‚¨
3333333333,CCCCCCCCCC
3333333333,DDDDDDDDDD
1111111111,AAAAAAAAAA
1111111111,BBBBBBBBBB
2222222222,‚ ‚¢‚¤‚¦‚¨
3333333333,CCCCCCCCCC
3333333333,DDDDDDDDDD
1111111111,AAAAAAAAAA
1111111111,BBBBBBBBBB
2222222222,‚ ‚¢‚¤‚¦‚¨
3333333333,CCCCCCCCCC
3333333333,DDDDDDDDDD
1111111111,AAAAAAAAAA
1111111111,BBBBBBBBBB
2222222222,‚ ‚¢‚¤‚¦‚¨
3333333333,CCCCCCCCCC
3333333333,DDDDDDDDDD
1111111111,AAAAAAAAAA
1111111111,BBBBBBBBBB
2222222222,‚ ‚¢‚¤‚¦‚¨
3333333333,CCCCCCCCCC
3333333333,DDDDDDDDDD
1111111111,AAAAAAAAAA
1111111111,BBBBBBBBBB
2222222222,‚ ‚¢‚¤‚¦‚¨
3333333333,CCCCCCCCCC
3333333333,DDDDDDDDDD
1111111111,AAAAAAAAAA
1111111111,BBBBBBBBBB
2222222222,‚ ‚¢‚¤‚¦‚¨
3333333333,CCCCCCCCCC
3333333333,DDDDDDDDDD
1111111111,AAAAAAAAAA
1111111111,BBBBBBBBBB
2222222222,‚ ‚¢‚¤‚¦‚¨
3333333333,CCCCCCCCCC
3333333333,DDDDDDDDDD
1111111111,AAAAAAAAAA
1111111111,BBBBBBBBBB
2222222222,‚ ‚¢‚¤‚¦‚¨
3333333333,CCCCCCCCCC
3333333333,DDDDDDDDDD